{"loss": [1.1330839395523071, 0.7263517379760742, 0.6860917806625366, 0.6767338514328003, 0.6557635068893433, 0.6323826313018799, 0.5393192172050476, 0.48907822370529175, 0.4274981617927551, 0.3297485411167145, 0.36652499437332153, 0.33095845580101013, 0.2560461163520813, 0.24327535927295685, 0.15779143571853638, 0.11984831094741821, 0.0724756270647049, 0.07593722641468048, 0.05874907225370407, 0.06497804075479507, 0.046798259019851685, 0.031224345788359642, 0.04325505718588829, 0.027761543169617653], "accuracy": [0.4124999940395355, 0.5249999761581421, 0.643750011920929, 0.5625, 0.6499999761581421, 0.6499999761581421, 0.71875, 0.7875000238418579, 0.800000011920929, 0.862500011920929, 0.8374999761581421, 0.84375, 0.925000011920929, 0.8812500238418579, 0.9624999761581421, 0.981249988079071, 0.987500011920929, 0.96875, 0.9937499761581421, 0.987500011920929, 0.9937499761581421, 1.0, 0.987500011920929, 1.0], "val_loss": [0.8340296149253845, 0.6774643659591675, 0.6745670437812805, 0.6158403158187866, 0.6149053573608398, 0.5673314929008484, 0.4981667399406433, 0.5231378078460693, 0.4068319797515869, 0.3805856704711914, 0.4235013723373413, 0.26365846395492554, 0.2331237941980362, 0.16557559370994568, 0.13942983746528625, 0.10555005073547363, 0.09794219583272934, 0.04838733375072479, 0.05590676888823509, 0.06861995160579681, 0.020228728652000427, 0.020849663764238358, 0.014422218315303326, 0.013995995745062828], "val_accuracy": [0.453125, 0.734375, 0.53125, 0.796875, 0.734375, 0.8125, 0.828125, 0.75, 0.8125, 0.8125, 0.78125, 0.875, 0.90625, 0.953125, 0.953125, 0.984375, 0.984375, 1.0, 0.984375, 1.0, 1.0, 1.0, 1.0, 1.0]}